LA Email,Slack User Account Email,Student,Question: Slack Question Name,Class,Program Name To Lookup,Topic,Type,Week #,Session Number,Question Status,Dismissed Reason,Student Rating,Length of Exchange LA,Length of Exchange Student,Length of Exchange Total,Question Id,Question: ID,Question Created Time,Question First Claimed Time,Question First Response Time,Question Resolved Time,Time To First Claimed (Minutes),Time To First Response (Minutes),Time To Most Recent Claimed (Minutes),Time To Resolution (Minutes),Zoom Request Sent,Zoom Request Accepted,Zoom Call Start Time,Zoom Call End Time,Zoom Call Duration,Zoom Call ID,GroupByHour
z@company.com,de@email.com,student,SQ-1,class,dvo,module 7,Online Lesson,7,8.1,Resolved,,,7,11,18,169334,a4z6S000002unGQ,7/26/2022 12:56 AM,7/26/2022 12:57 AM,7/26/2022 12:59 AM,7/26/2022 1:15 AM,1.13,3.27,1.13,19.32,0,0,,,,,0
r@company.com,je@email.com,student,SQ-2,class,dvo,Jupyter notebook,In-Class Activity,4,5.1,Closed,Activity Timeout,,11,17,28,169332,a4z6S000002unGG,7/26/2022 12:43 AM,7/26/2022 12:44 AM,7/26/2022 12:44 AM,,0.55,1.22,0.55,,1,1,,,,933-7157-7345,0
z@company.com,ne@email.com,student,SQ-3,class,dvo,VS Code,Online Lesson,17,17.1,Resolved,,5,5,4,9,169341,a4z6S000002unGz,7/26/2022 1:26 AM,7/26/2022 1:29 AM,7/26/2022 1:29 AM,7/26/2022 1:56 AM,2.47,2.88,2.47,29.27,1,1,,,,921-4347-0579,1
z@company.com,ju@email.com,student,SQ-4,class,dvo,HTML,Online Lesson,13,13.1,Resolved,,5,5,4,9,169346,a4z6S000002unHO,7/26/2022 1:46 AM,7/26/2022 1:56 AM,7/26/2022 1:56 AM,7/26/2022 2:14 AM,10.3,10.68,10.3,28.52,1,1,,,,936-4357-5116,1
j@company.com,di@email.com,student,SQ-5,class,fbo,python,Online Lesson,0,1.1,Closed,Student Unresponsive,,7,0,7,169342,a4z6S000002unH4,7/26/2022 1:29 AM,7/26/2022 1:31 AM,7/26/2022 1:32 AM,,2.32,3.08,2.32,,0,0,,,,,1
r@company.com,ra@email.com,student,SQ-6,class,dvo,Module 12.4.2 Plotly html javascript,Online Lesson,17,17.1,Resolved,,5,8,7,15,169348,a4z6S000002unHY,7/26/2022 2:02 AM,7/26/2022 2:03 AM,7/26/2022 2:03 AM,7/26/2022 2:20 AM,0.33,0.92,0.33,17.48,0,0,,,,,2
r@company.com,ju@email.com,student,SQ-7,class,dvo,Web Challenge,Assignment,12,13.1,Closed,Activity Timeout,,6,7,13,169350,a4z6S000002unHi,7/26/2022 2:06 AM,7/26/2022 2:21 AM,7/26/2022 2:21 AM,,14.82,15.43,14.82,,1,1,,,,934-8111-0321,2
z@company.com,wo@email.com,student,SQ-8,class,dvo,Google Maps API,Online Lesson,6,7.1,Closed,Student Unresponsive,,2,0,2,169349,a4z6S000002unHd,7/26/2022 2:05 AM,7/26/2022 2:16 AM,7/26/2022 2:17 AM,,10.62,11.22,10.62,,0,0,,,,,2
z@company.com,ma@email.com,student,SQ-9,class,dvo,Python,Assignment,6,7.1,Resolved,,,6,3,9,169352,a4z6S000002unHs,7/26/2022 2:09 AM,7/26/2022 2:11 AM,7/26/2022 2:12 AM,7/26/2022 2:28 AM,2.22,2.62,2.22,19.2,1,1,,,,989-8655-4091,2
z@company.com,wo@email.com,student,SQ-10,class,dvo,PostgreSQL,In-Class Activity,6,7.1,Closed,Question Added in Error,,1,0,1,169351,a4z6S000002unHn,7/26/2022 2:08 AM,7/26/2022 2:22 AM,7/26/2022 2:23 AM,,13.9,15.18,13.9,,0,0,,,,,2
z@company.com,b_@email.com,student,SQ-11,class,dvo,Pandas,Assignment,4,5.2,Closed,Question Added in Error,,9,12,21,169357,a4z6S000002unIM,7/26/2022 3:07 AM,7/26/2022 3:11 AM,7/26/2022 3:12 AM,,4.03,4.48,4.03,,1,0,,,,913-2647-2390,3
h@company.com,be@email.com,student,SQ-12,class,dvo,"JavaScript, html",Online Lesson,13,13.1,Resolved,,,7,3,10,169365,a4z6S000002unJ0,7/26/2022 6:31 AM,7/26/2022 6:32 AM,7/26/2022 6:55 AM,7/26/2022 6:58 AM,0.48,23.45,0.48,26.62,0,0,,,,,6
h@company.com,km@email.com,student,SQ-13,class,dvo,GitHub,Other,38,24.3,Resolved,,,8,3,11,169374,a4z6S000002unJj,7/26/2022 9:53 AM,7/26/2022 9:54 AM,7/26/2022 9:55 AM,7/26/2022 10:15 AM,0.78,1.78,0.78,22,0,0,,,,,9
d@company.com,ra@email.com,student,SQ-14,class,dvo,jupyter,Online Lesson,6,7.1,Resolved,,5,6,3,9,169373,a4z6S000002unJe,7/26/2022 9:44 AM,7/26/2022 9:45 AM,7/26/2022 9:45 AM,7/26/2022 9:51 AM,0.67,0.92,0.67,6.97,0,0,,,,,9
d@company.com,sa@email.com,student,SQ-15,class,dvo,"Python, scraping, html, flask, mongo",Assignment,12,12.1,Closed,Student Unresponsive,,4,1,5,169378,a4z6S000002unK3,7/26/2022 10:44 AM,7/26/2022 10:48 AM,7/26/2022 10:48 AM,,3.88,3.98,3.88,,0,0,,,,,10
k@company.com,fa@email.com,student,SQ-16,class,dv,terminal,Assignment,7,8.1,Resolved,,5,7,3,10,169377,a4z6S000002unJy,7/26/2022 10:37 AM,7/26/2022 10:42 AM,7/26/2022 10:42 AM,7/26/2022 11:10 AM,5.53,5.8,5.53,33.33,1,1,,,,974-9530-7913,10
m@company.com,sh@email.com,student,SQ-17,class,dv,SQL,Assignment,7,8.1,Resolved,,4,16,9,25,169375,a4z6S000002unJo,7/26/2022 10:33 AM,7/26/2022 10:37 AM,7/26/2022 10:37 AM,7/26/2022 11:17 AM,3.6,3.93,3.6,44.03,0,0,,,,,10
k@company.com,le@email.com,student,SQ-18,class,dvo,Excel Pivot Tables,Assignment,0,1.1,Closed,Question Added in Error,,7,4,11,169376,a4z6S000002unJt,7/26/2022 10:33 AM,7/26/2022 10:33 AM,7/26/2022 10:34 AM,,0.15,0.38,0.15,,0,0,,,,,10
d@company.com,al@email.com,student,SQ-19,class,ft,Metamask/Solidity,Assignment,23,22.3,Resolved,,,19,28,47,169394,a4z6S000002unLL,7/26/2022 11:53 AM,7/26/2022 11:54 AM,7/26/2022 11:55 AM,7/26/2022 1:08 PM,1.02,1.65,36.9,75.52,1,1,,,,983-5661-7359,11
d@company.com,sm@email.com,student,SQ-20,class,dvo,Pandas,Other,22,22.1,Closed,Question Not Valid,,6,5,11,169387,a4z6S000002unKm,7/26/2022 11:23 AM,7/26/2022 11:24 AM,7/26/2022 11:24 AM,,1.2,1.35,1.2,,1,1,,,,971-7568-0341,11
d@company.com,sa@email.com,student,SQ-21,class,dvo,"Python, Selenium, Webscraper, html | Assignment",Assignment,12,12.1,Resolved,,,7,12,19,169384,a4z6S000002unKX,7/26/2022 11:13 AM,7/26/2022 11:13 AM,7/26/2022 11:14 AM,7/26/2022 12:12 PM,0.17,0.28,0.17,58.67,1,1,,,,925-7698-8367,11
mb@company.com,ro@email.com,student,SQ-22,class,dv,Python/Jupyter Notebook,Online Lesson,7,8.1,Resolved,,,14,19,33,169395,a4z6S000002unLQ,7/26/2022 11:55 AM,7/26/2022 11:59 AM,7/26/2022 11:59 AM,7/26/2022 12:31 PM,3.28,3.77,3.28,35.67,0,0,,,,,11
k@company.com,mm@email.com,student,SQ-23,class,dvo,python - module 4 hw,Assignment,4,5.1,Resolved,,5,9,13,22,169390,a4z6S000002unL1,7/26/2022 11:29 AM,7/26/2022 11:29 AM,7/26/2022 11:30 AM,7/26/2022 11:40 AM,0.17,0.47,0.17,10.4,0,0,,,,,11
k@company.com,do@email.com,student,SQ-24,class,dv,VBA Excel,Assignment,2,3.1,Resolved,,5,5,4,9,169393,a4z6S000002unLG,7/26/2022 11:45 AM,7/26/2022 11:45 AM,7/26/2022 11:46 AM,7/26/2022 12:36 PM,0.22,0.45,0.22,50.75,1,1,,,,921-0382-3528,11
h@company.com,tr@email.com,student,SQ-25,class,dv,date column output is 'null' on LEFT JOIN,Online Lesson,7,8.1,Resolved,,,16,10,26,169381,a4z6S000002unKI,7/26/2022 11:06 AM,7/26/2022 11:07 AM,7/26/2022 11:07 AM,7/26/2022 11:33 AM,1,1.22,1,27.47,0,0,,,,,11
,al@email.com,student,SQ-26,class,ft,Remix/Metamask connection issues,In-Class Activity,23,22.3,Closed,Student Canceled,,,,0,169406,a4z6S000002unMJ,7/26/2022 12:31 PM,,,,,,,,0,0,,,,,12
d@company.com,ry@email.com,student,SQ-27,class,dvo,S3 Bucket AWS not being recognized,Online Lesson,17,17.1,Resolved,,,6,2,8,169402,a4z6S000002unLz,7/26/2022 12:15 PM,7/26/2022 12:16 PM,7/26/2022 12:16 PM,7/26/2022 12:28 PM,0.5,0.75,0.5,13.32,1,1,,,,933-4568-7430,12
k@company.com,sa@email.com,student,SQ-28,class,dvo,"Python, Webscraping, Html",Assignment,12,12.1,Closed,Student Unresponsive,,4,0,4,169404,a4z6S000002unM9,7/26/2022 12:26 PM,7/26/2022 12:41 PM,7/26/2022 12:41 PM,,15.58,15.77,15.58,,0,0,,,,,12
d@company.com,ni@email.com,student,SQ-29,class,dv,MongoDB,Assignment,10,10.1,Resolved,,5,8,3,11,169399,a4z6S000002unLk,7/26/2022 12:05 PM,7/26/2022 12:16 PM,7/26/2022 12:16 PM,7/26/2022 1:03 PM,10.83,11,10.83,57.7,1,1,,,,922-9986-0879,12
h@company.com,ra@email.com,student,SQ-30,class,dvo,jupyter,Online Lesson,6,7.1,Resolved,,5,24,17,41,169397,a4z6S000002unLa,7/26/2022 12:01 PM,7/26/2022 12:04 PM,7/26/2022 12:04 PM,7/26/2022 12:42 PM,3,3.18,3,41.4,0,0,,,,,12
k@company.com,di@email.com,student,SQ-31,class,dvo,API,In-Class Activity,6,7.1,Resolved,,5,6,7,13,169408,a4z6S000002unMT,7/26/2022 12:56 PM,7/26/2022 12:57 PM,7/26/2022 12:57 PM,7/26/2022 1:33 PM,0.3,0.5,0.3,36.32,1,1,,,,940-4125-2007,12
d@company.com,mx@email.com,student,SQ-32,class,dvo,Machine Learning,Online Lesson,17,17.1,Resolved,,,14,8,22,169417,a4z6S000002unNC,7/26/2022 1:25 PM,7/26/2022 1:28 PM,7/26/2022 1:28 PM,7/26/2022 1:50 PM,3.5,3.67,3.5,25.42,0,0,,,,,13
mm@company.com,sa@email.com,student,SQ-33,class,dvo,"Python, Webscraping, Flask, Mongo",Assignment,12,12.1,Resolved,,5,14,26,40,169411,a4z6S000002unMi,7/26/2022 1:00 PM,7/26/2022 1:01 PM,7/26/2022 1:03 PM,7/26/2022 1:44 PM,0.87,2.65,0.87,43.78,0,0,,,,,13
mb@company.com,be@email.com,student,SQ-34,class,dvo,6.5.2 python APIs,Online Lesson,7,8.1,Resolved,,,6,3,9,169413,a4z6S000002unMs,7/26/2022 1:14 PM,7/26/2022 1:14 PM,7/26/2022 1:15 PM,7/26/2022 1:25 PM,0.3,1.6,0.3,11.88,0,0,,,,,13
dh@company.com,be@email.com,student,SQ-35,class,dvo,6.5.1 python API,Online Lesson,7,8.1,Resolved,,,19,8,27,169420,a4z6S000002unNR,7/26/2022 1:33 PM,7/26/2022 1:36 PM,7/26/2022 1:36 PM,7/26/2022 2:04 PM,2.78,3.22,2.78,31.6,1,1,,,,972-3738-0164,13
k@company.com,do@email.com,student,SQ-36,class,dv,VBA excel,Assignment,2,3.1,Closed,Activity Timeout,,3,3,6,169419,a4z6S000002unNM,7/26/2022 1:28 PM,7/26/2022 1:33 PM,7/26/2022 1:33 PM,,5.12,5.28,5.12,,1,1,,,,956-3923-4951,13
mm@company.com,ym@email.com,student,SQ-37,class,dv,Excel VBA,Assignment,2,3.1,Resolved,,5,18,19,37,169426,a4z6S000002unNv,7/26/2022 1:47 PM,7/26/2022 1:51 PM,7/26/2022 1:51 PM,7/26/2022 2:40 PM,3.58,3.82,3.58,52.83,1,1,,,,974-7143-3295,13
m@company.com,di@email.com,student,SQ-38,class,dv,VBA,Assignment,2,3.1,Resolved,,2,10,12,22,169412,a4z6S000002unMn,7/26/2022 1:01 PM,7/26/2022 1:17 PM,7/26/2022 1:17 PM,7/26/2022 2:01 PM,15.82,16.05,15.82,60.45,0,0,,,,,13
d@company.com,vt@email.com,student,SQ-39,class,dv,Python,Assignment,7,8.1,Resolved,,5,5,1,6,169414,a4z6S000002unMx,7/26/2022 1:20 PM,7/26/2022 1:20 PM,7/26/2022 1:20 PM,7/26/2022 1:36 PM,0.15,0.3,0.15,16.23,1,1,,,,965-6274-2653,13
mb@company.com,an@email.com,student,SQ-40,class,dv,Jupyter Notebook Pandas,Assignment,6,6.2,Resolved,,,17,15,32,169418,a4z6S000002unNH,7/26/2022 1:26 PM,7/26/2022 1:26 PM,7/26/2022 1:27 PM,7/26/2022 2:28 PM,0.37,0.77,0.37,62.45,0,0,,,,,13
mm@company.com,sr@email.com,student,SQ-41,class,dvo,16.7.3 Connect pgAdmin to RDS instance,Online Lesson,20,20.1,Resolved,,,9,6,15,169438,a4z6S000002unOt,7/26/2022 2:24 PM,7/26/2022 2:40 PM,7/26/2022 2:41 PM,7/26/2022 3:21 PM,16.7,17.12,16.7,56.88,1,1,,,,921-6695-0769,14
k@company.com,de@email.com,student,SQ-42,class,dvo,Javascript,Assignment,13,13.1,Resolved,,5,8,7,15,169443,a4z6S000002unPI,7/26/2022 2:36 PM,7/26/2022 2:48 PM,7/26/2022 2:48 PM,7/26/2022 2:53 PM,11.53,11.92,11.53,17.28,0,0,,,,,14
h@company.com,d_@email.com,student,SQ-43,class,dv,Python,In-Class Activity,2,3.1,Resolved,,5,9,9,18,169433,a4z6S000002unOU,7/26/2022 2:09 PM,7/26/2022 2:21 PM,7/26/2022 2:21 PM,7/26/2022 2:47 PM,11.37,11.77,11.37,38.23,0,0,,,,,14
k@company.com,di@email.com,student,SQ-44,class,dv,VBA,Assignment,2,3.1,Resolved,,5,7,3,10,169447,a4z6S000002unPc,7/26/2022 2:49 PM,7/26/2022 2:53 PM,7/26/2022 2:54 PM,7/26/2022 3:37 PM,4.47,4.65,4.47,48.07,1,1,,,,918-1944-2275,14
dh@company.com,na@email.com,student,SQ-45,class,dv,sample population,Online Lesson,6,6.3,Resolved,,5,30,21,51,169435,a4z6S000002unOe,7/26/2022 2:14 PM,7/26/2022 2:15 PM,7/26/2022 2:16 PM,7/26/2022 3:22 PM,0.53,1.28,0.53,67.3,1,1,,,,965-8854-6693,14
d@company.com,cl@email.com,student,SQ-46,class,dv,"pandas, python, jupyter notebook, csv files",Online Lesson,7,8.1,Resolved,,5,24,16,40,169431,a4z6S000002unOK,7/26/2022 2:06 PM,7/26/2022 2:06 PM,7/26/2022 2:06 PM,7/26/2022 2:51 PM,0.23,0.42,0.23,45,1,0,,,,947-8425-7472,14
h@company.com,th@email.com,student,SQ-47,class,dvo,Where are Zoom recordings stored?,Other,6,7.1,Resolved,,,3,1,4,169442,a4z6S000002unPD,7/26/2022 2:34 PM,7/26/2022 2:35 PM,7/26/2022 2:36 PM,7/26/2022 3:01 PM,1.6,2.37,1.6,27.57,0,0,,,,,14
mb@company.com,po@email.com,student,SQ-48,class,dvo,Python and SQL,Assignment,6,7.1,Resolved,,1,18,21,39,169439,a4z6S000002unOy,7/26/2022 2:27 PM,7/26/2022 2:37 PM,7/26/2022 2:38 PM,7/26/2022 3:57 PM,9.8,10.98,9.8,90.07,0,0,,,,,14
h@company.com,yt@email.com,student,SQ-49,class,dvo,Python machine learning,Assignment,22,22.1,Closed,Question Not Valid,,1,0,1,169450,a4z6S000002unPr,7/26/2022 3:04 PM,7/26/2022 3:06 PM,7/26/2022 3:06 PM,,1.52,1.78,1.52,,0,0,,,,,15
k@company.com,se@email.com,student,SQ-50,class,dvo,Module 4 Assignment,Assignment,4,5.1,Resolved,,5,20,14,34,169469,a4z6S000002unRO,7/26/2022 3:54 PM,7/26/2022 3:54 PM,7/26/2022 3:54 PM,7/26/2022 4:30 PM,0.7,0.88,0.7,36.87,0,0,,,,,15
h@company.com,mm@email.com,student,SQ-51,class,dvo,Python Challenge,Assignment,4,5.1,Resolved,,5,3,4,7,169455,a4z6S000002unQG,7/26/2022 3:09 PM,7/26/2022 3:21 PM,7/26/2022 3:21 PM,7/26/2022 3:34 PM,12.23,12.45,12.23,25.02,0,0,,,,,15
h@company.com,mu@email.com,student,SQ-52,class,dv,challage 9 deli 1,Assignment,9,9.1,Resolved,,5,4,6,10,169464,a4z6S000002unQz,7/26/2022 3:38 PM,7/26/2022 3:38 PM,7/26/2022 3:39 PM,7/26/2022 3:44 PM,0.67,0.92,0.67,6.42,0,0,,,,,15
h@company.com,mu@email.com,student,SQ-53,class,dv,challange 9,Assignment,9,9.1,Closed,Student Unresponsive,,3,1,4,169449,a4z6S000002unPm,7/26/2022 3:04 PM,7/26/2022 3:06 PM,7/26/2022 3:07 PM,,1.88,3.7,1.88,,0,0,,,,,15
dh@company.com,tr@email.com,student,SQ-54,class,dv,Postgres / PgAdmin 4,Online Lesson,7,8.1,Closed,Student Unresponsive,,15,6,21,169462,a4z6S000002unQp,7/26/2022 3:35 PM,7/26/2022 3:36 PM,7/26/2022 3:37 PM,,1.22,2.23,1.22,,0,0,,,,,15
d@company.com,dn@email.com,student,SQ-55,class,dv,"Python, Google Maps API",Online Lesson,7,8.1,Resolved,,,13,1,14,169458,a4z6S000002unQV,7/26/2022 3:24 PM,7/26/2022 3:24 PM,7/26/2022 3:24 PM,7/26/2022 4:01 PM,0.28,0.55,0.28,36.7,1,1,,,,929-1377-2895,15
dh@company.com,ju@email.com,student,SQ-56,class,dvo,pgAdmin 4,Online Lesson,6,7.1,Resolved,,,13,9,22,169480,a4z6S000002unSH,7/26/2022 4:20 PM,7/26/2022 4:27 PM,7/26/2022 4:27 PM,7/26/2022 5:03 PM,6.98,7.47,6.98,42.98,1,1,,,,993-7777-2489,16
mm@company.com,be@email.com,student,SQ-57,class,dvo,Python APIs,Online Lesson,7,8.1,Closed,Student Unresponsive,,6,1,7,169481,a4z6S000002unSM,7/26/2022 4:21 PM,7/26/2022 4:22 PM,7/26/2022 4:22 PM,,0.47,0.7,0.47,,0,0,,,,,16
mb@company.com,ra@email.com,student,SQ-58,class,dvo,jupyter,Online Lesson,6,7.1,Closed,Student Unresponsive,,5,2,7,169476,a4z6S000002unRx,7/26/2022 4:16 PM,7/26/2022 4:17 PM,7/26/2022 4:17 PM,,0.42,0.82,0.42,,0,0,,,,,16
h@company.com,mu@email.com,student,SQ-59,class,dv,module challange 9 del 1,Assignment,9,9.1,Resolved,,5,10,12,22,169475,a4z6S000002unRs,7/26/2022 4:13 PM,7/26/2022 4:15 PM,7/26/2022 4:15 PM,7/26/2022 4:37 PM,1.82,1.98,1.82,23.18,0,0,,,,,16
h@company.com,tr@email.com,student,SQ-60,class,dv,Postgres PgAdmin4,Online Lesson,7,8.1,Resolved,,5,23,15,38,169486,a4z6S000002unSl,7/26/2022 4:36 PM,7/26/2022 4:59 PM,7/26/2022 5:01 PM,7/26/2022 5:37 PM,22.82,25.17,22.82,60.68,0,0,,,,,16
dh@company.com,ma@email.com,student,SQ-61,class,dvo,SQL,Online Lesson,6,7.1,Resolved,,,8,7,15,169477,a4z6S000002unS2,7/26/2022 4:16 PM,7/26/2022 4:18 PM,7/26/2022 4:19 PM,7/26/2022 4:27 PM,1.5,2.68,1.5,10.33,0,0,,,,,16
cc@company.com,an@email.com,student,SQ-62,class,dvo,"Module 13 -css, logic, js, geojson, json",Assignment,22,22.1,Closed,Question Not Valid,,7,3,10,169506,a4z6S000002unUS,7/26/2022 5:42 PM,7/26/2022 6:02 PM,7/26/2022 6:02 PM,,19.82,20.05,19.82,,0,0,,,,,17
cs@company.com,la@email.com,student,SQ-63,class,dvo,Python Sclearn,Assignment,17,17.1,Resolved,,5,17,20,37,169509,a4z6S000002unUh,7/26/2022 5:48 PM,7/26/2022 5:58 PM,7/26/2022 5:58 PM,7/26/2022 6:20 PM,10.03,10.27,10.03,32.05,0,0,,,,,17
js@company.com,sh@email.com,student,SQ-64,class,dvo,Python,Assignment,6,7.1,Resolved,,,17,12,29,169505,a4z6S000002unUN,7/26/2022 5:41 PM,7/26/2022 5:52 PM,7/26/2022 5:52 PM,7/26/2022 6:11 PM,10.95,11.32,10.95,30,0,0,,,,,17
dh@company.com,ni@email.com,student,SQ-65,class,dvo,SQL,Assignment,6,7.1,Resolved,,,31,30,61,169500,a4z6S000002unTy,7/26/2022 5:32 PM,7/26/2022 5:38 PM,7/26/2022 5:39 PM,7/26/2022 6:34 PM,5.4,6.5,5.4,62.2,0,0,,,,,17
,ma@email.com,student,SQ-66,class,dvo,Python,Assignment,6,7.1,Closed,Student Canceled,,,,0,169507,a4z6S000002unUX,7/26/2022 5:43 PM,,,,,,,,0,0,,,,,17
kv@company.com,be@email.com,student,SQ-67,class,dvo,Python APIs,Online Lesson,7,8.1,Resolved,,,30,22,52,169496,a4z6S000002unTZ,7/26/2022 5:06 PM,7/26/2022 5:08 PM,7/26/2022 5:09 PM,7/26/2022 6:24 PM,1.42,2.48,55.6,77.78,1,1,,,,971-5037-8900,17
mm@company.com,ra@email.com,student,SQ-68,class,dvo,jupyter,Online Lesson,6,7.1,Resolved,,5,4,6,10,169502,a4z6S000002unU8,7/26/2022 5:37 PM,7/26/2022 5:38 PM,7/26/2022 5:38 PM,7/26/2022 5:45 PM,0.5,1.08,0.5,7.58,0,0,,,,,17
k@company.com,le@email.com,student,SQ-69,class,dv,VBA,Assignment,2,3.1,Resolved,,5,6,7,13,169499,a4z6S000002unTt,7/26/2022 5:26 PM,7/26/2022 5:26 PM,7/26/2022 5:27 PM,7/26/2022 5:59 PM,0.22,0.8,0.22,32.72,1,1,,,,971-7676-3715,17
mme@company.com,ab@email.com,student,SQ-70,class,dvo,pgAdmin4 - INTERNAL SERVER ERROR 'columns',Online Lesson,6,7.1,Resolved,,,15,9,24,169504,a4z6S000002unUI,7/26/2022 5:40 PM,7/26/2022 5:45 PM,7/26/2022 5:46 PM,7/26/2022 6:18 PM,5.52,5.9,19.17,37.88,1,1,,,,966-4877-4485,17
mk@company.com,th@email.com,student,SQ-71,class,dvo,SQL - Primary & Foreign Keys - Lesson 7.1.5,Online Lesson,6,7.1,Resolved,,,17,12,29,169501,a4z6S000002unU3,7/26/2022 5:35 PM,7/26/2022 5:37 PM,7/26/2022 5:37 PM,7/26/2022 6:13 PM,2.32,2.53,2.32,38.78,0,0,,,,,17
dh@company.com,th@email.com,student,SQ-72,class,dvo,SQL - Primary & Foreign Keys,Online Lesson,6,7.1,Resolved,,5,13,6,19,169495,a4z6S000002unTU,7/26/2022 5:02 PM,7/26/2022 5:03 PM,7/26/2022 5:04 PM,7/26/2022 5:13 PM,0.92,1.72,0.92,10.33,0,0,,,,,17
ct@company.com,ac@email.com,student,SQ-73,class,fbo,combining columns without common index at # row,Assignment,24,24.1,Resolved,,1,28,40,68,169511,a4z6S000002unUr,7/26/2022 6:11 PM,7/26/2022 6:11 PM,7/26/2022 6:11 PM,7/26/2022 6:34 PM,0.27,0.85,0.27,23.67,0,0,,,,,18
mme@company.com,ch@email.com,student,SQ-74,class,dvo,Splinter,Online Lesson,17,17.1,Resolved,,,23,20,43,169517,a4z6S000002unVL,7/26/2022 6:15 PM,7/26/2022 6:18 PM,7/26/2022 6:19 PM,7/26/2022 6:40 PM,3.62,3.85,3.62,25.68,0,0,,,,,18
dh@company.com,an@email.com,student,SQ-75,class,dvo,"Java, html",Online Lesson,13,13.1,Resolved,,,6,7,13,169533,a4z6S000002unWd,7/26/2022 6:53 PM,7/26/2022 6:54 PM,7/26/2022 6:54 PM,7/26/2022 7:10 PM,0.48,0.85,0.48,16.8,1,1,,,,955-3955-9516,18
cs@company.com,ju@email.com,student,SQ-76,class,dvo,Github push,Online Lesson,13,13.1,Resolved,,5,14,17,31,169519,a4z6S000002unVV,7/26/2022 6:17 PM,7/26/2022 6:20 PM,7/26/2022 6:21 PM,7/26/2022 6:40 PM,3.78,3.98,3.78,23.57,0,0,,,,,18
ct@company.com,da@email.com,student,SQ-77,class,ft,Python,Assignment,7,7.3,Resolved,,,24,12,36,169530,a4z6S000002unWO,7/26/2022 6:44 PM,7/26/2022 6:44 PM,7/26/2022 6:45 PM,7/26/2022 7:17 PM,0.47,0.88,0.47,32.95,0,0,,,,,18
js@company.com,sa@email.com,student,SQ-78,class,dv,"sql, pgadmin4",Online Lesson,7,8.1,Resolved,,,48,28,76,169516,a4z6S000002unVG,7/26/2022 6:15 PM,7/26/2022 6:18 PM,7/26/2022 6:18 PM,7/26/2022 7:13 PM,3.23,3.65,3.23,58.23,0,0,,,,,18
cc@company.com,se@email.com,student,SQ-79,class,dvo,Module 4 Assignment,Assignment,4,5.1,Resolved,,,22,10,32,169520,a4z6S000002unVa,7/26/2022 6:19 PM,7/26/2022 6:22 PM,7/26/2022 6:22 PM,7/26/2022 6:37 PM,2.98,3.65,2.98,17.95,0,0,,,,,18
cc@company.com,ra@email.com,student,SQ-80,class,dvo,jupyter,Online Lesson,6,7.1,Resolved,,5,15,9,24,169532,a4z6S000002unWY,7/26/2022 6:51 PM,7/26/2022 6:51 PM,7/26/2022 6:51 PM,7/26/2022 7:04 PM,0.5,0.73,0.5,13.02,0,0,,,,,18
mme@company.com,ma@email.com,student,SQ-81,class,dv,Module 8 Challenge,Assignment,9,9.1,Closed,Activity Timeout,,9,7,16,169528,a4z6S000002unWE,7/26/2022 6:41 PM,7/26/2022 6:43 PM,7/26/2022 6:43 PM,,1.82,2.12,1.82,,1,1,,,,920-4366-3556,18
cc@company.com,ti@email.com,student,SQ-82,class,dv,Module 1 Excel challenge,Assignment,2,3.2,Closed,Question Not Valid,,8,3,11,169518,a4z6S000002unVQ,7/26/2022 6:15 PM,7/26/2022 6:16 PM,7/26/2022 6:17 PM,,1.02,1.82,1.02,,0,0,,,,,18
kv@company.com,jo@email.com,student,SQ-83,class,dvo,"SQL, Module 7, Deliverable 1",Assignment,6,7.1,Resolved,,5,38,28,66,169524,a4z6S000002unVu,7/26/2022 6:28 PM,7/26/2022 6:35 PM,7/26/2022 6:37 PM,7/26/2022 7:07 PM,6.43,8.28,6.43,38.57,0,0,,,,,18
ct@company.com,ac@email.com,student,SQ-84,class,fbo,"help combining columns (time series, data column)",Other,24,24.1,Closed,Question Not Valid,,2,10,12,169537,a4z6S000002unWx,7/26/2022 7:08 PM,7/26/2022 7:19 PM,7/26/2022 7:20 PM,,10.93,11.4,10.93,,0,0,,,,,19
dh@company.com,jo@email.com,student,SQ-85,class,dvo,pandas,Assignment,22,22.1,Resolved,,,9,12,21,169539,a4z6S000002unX7,7/26/2022 7:12 PM,7/26/2022 7:13 PM,7/26/2022 7:14 PM,7/26/2022 7:26 PM,0.75,1.75,0.75,13.77,0,0,,,,,19
cc@company.com,ra@email.com,student,SQ-86,class,dvo,Module 12.4.3,Online Lesson,17,17.1,Resolved,,,36,24,60,169535,a4z6S000002unWn,7/26/2022 7:00 PM,7/26/2022 7:06 PM,7/26/2022 7:06 PM,7/26/2022 7:38 PM,5.53,5.67,5.53,37.92,1,1,,,,343-793-0735,19
mk@company.com,d@@email.com,student,SQ-87,class,dvo,Module 8,Online Lesson,7,8.1,Resolved,,5,5,2,7,169544,a4z6S000002unXW,7/26/2022 7:39 PM,7/26/2022 7:42 PM,7/26/2022 7:43 PM,7/26/2022 7:57 PM,3.27,3.62,3.27,18.28,1,1,,,,923-8390-3890,19
kv@company.com,ri@email.com,student,SQ-88,class,dvo,Python,Online Lesson,7,8.1,Resolved,,5,11,5,16,169542,a4z6S000002unXM,7/26/2022 7:30 PM,7/26/2022 7:31 PM,7/26/2022 7:32 PM,7/26/2022 7:46 PM,1.15,2.52,1.15,16.33,1,1,,,,975-7167-1754,19
dh@company.com,se@email.com,student,SQ-89,class,dvo,Module 4,Online Lesson,4,5.1,Resolved,,,21,11,32,169546,a4z6S000002unXg,7/26/2022 7:41 PM,7/26/2022 7:41 PM,7/26/2022 7:43 PM,7/26/2022 8:15 PM,0.4,2.02,0.4,34.03,0,0,,,,,19
mme@company.com,re@email.com,student,SQ-90,class,dvo,Tableau,Assignment,22,22.1,Resolved,,,11,6,17,169568,a4z6S000002unZN,7/26/2022 8:52 PM,7/26/2022 8:52 PM,7/26/2022 8:53 PM,7/26/2022 9:03 PM,0.47,0.8,0.47,11.07,0,0,,,,,20
dc@company.com,ra@email.com,student,SQ-91,class,dvo,"Moduele 12.4.3 Belly button dempographic, Plotly",Online Lesson,17,17.1,Resolved,,,7,7,14,169561,a4z6S000002unYo,7/26/2022 8:40 PM,7/26/2022 8:41 PM,7/26/2022 8:42 PM,7/26/2022 8:49 PM,1.18,2.15,1.18,8.48,0,0,,,,,20
cs@company.com,gr@email.com,student,SQ-92,class,dvo,"ASSIGNMENT 4, Python in Jupyter Notebook",Assignment,13,13.1,Resolved,,,14,13,27,169556,a4z6S000002unYU,7/26/2022 8:30 PM,7/26/2022 8:30 PM,7/26/2022 8:32 PM,7/26/2022 9:17 PM,0.28,2.02,0.28,46.53,1,1,,,,998-5633-5377,20
lp@company.com,em@email.com,student,SQ-93,class,dvo,javascript,Other,13,13.1,Resolved,,5,11,12,23,169553,a4z6S000002unYF,7/26/2022 8:17 PM,7/26/2022 8:19 PM,7/26/2022 8:19 PM,7/26/2022 8:39 PM,1.05,1.87,1.05,21.72,0,0,,,,,20
lz@company.com,ju@email.com,student,SQ-94,class,dvo,Module 11 web Challenge,Assignment,12,13.1,Closed,Activity Timeout,,17,1,18,169560,a4z6S000002unYa,7/26/2022 8:39 PM,7/26/2022 8:39 PM,7/26/2022 8:40 PM,,0.27,0.55,0.27,,1,1,,,,979-7441-5254,20
lz@company.com,mr@email.com,student,SQ-95,class,dvo,Splinter 10.3.1,Online Lesson,12,12.1,Resolved,,5,19,16,35,169550,a4z6S000002unY0,7/26/2022 8:12 PM,7/26/2022 8:12 PM,7/26/2022 8:12 PM,7/26/2022 8:34 PM,0.6,0.8,0.6,22.62,0,0,,,,,20
js@company.com,on@email.com,student,SQ-96,class,dvo,Jupyter,Online Lesson,4,5.1,Closed,Student Unresponsive,,3,1,4,169557,a4z6S000002unYZ,7/26/2022 8:33 PM,7/26/2022 8:33 PM,7/26/2022 8:33 PM,,0.27,0.7,0.27,,0,0,,,,,20
dc@company.com,on@email.com,student,SQ-97,class,dvo,Jupyter,Online Lesson,4,5.1,Resolved,,,5,4,9,169566,a4z6S000002unZD,7/26/2022 8:49 PM,7/26/2022 8:49 PM,7/26/2022 8:49 PM,7/26/2022 8:56 PM,0.13,0.32,0.13,7.27,0,0,,,,,20
w@company.com,se@email.com,student,SQ-98,class,dvo,Module 4 challenge,Online Lesson,4,5.1,Resolved,,,19,11,30,169573,a4z6S000002unZh,7/26/2022 8:58 PM,7/26/2022 8:58 PM,7/26/2022 8:59 PM,7/26/2022 9:17 PM,0.45,0.88,0.45,19.32,0,0,,,,,20
mme@company.com,ma@email.com,student,SQ-99,class,dv,Module 8 Challenge,Assignment,9,9.1,Resolved,,5,4,1,5,169555,a4z6S000002unYP,7/26/2022 8:22 PM,7/26/2022 8:23 PM,7/26/2022 8:23 PM,7/26/2022 8:33 PM,0.57,0.77,6.68,11.4,0,0,,,,,20
lp@company.com,ca@email.com,student,SQ-100,class,dvo,SQL,Online Lesson,6,7.1,Resolved,,5,47,24,71,169572,a4z6S000002unZc,7/26/2022 8:56 PM,7/26/2022 8:58 PM,7/26/2022 8:59 PM,7/26/2022 10:19 PM,1.15,2.45,1.15,82.92,0,0,,,,,20
cl@company.com,ca@email.com,student,SQ-101,class,dvo,SQL,Online Lesson,6,7.1,Resolved,,5,10,2,12,169554,a4z6S000002unYK,7/26/2022 8:21 PM,7/26/2022 8:21 PM,7/26/2022 8:21 PM,7/26/2022 8:29 PM,0.58,0.7,0.58,8.72,0,0,,,,,20
to@company.com,wo@email.com,student,SQ-102,class,dvo,Python,Assignment,6,7.1,Resolved,,5,30,23,53,169552,a4z6S000002unYA,7/26/2022 8:14 PM,7/26/2022 8:14 PM,7/26/2022 8:14 PM,7/26/2022 8:52 PM,0.33,0.48,0.33,37.85,0,0,,,,,20
kv@company.com,bo@email.com,student,SQ-103,class,dvo,giit hub,Assignment,6,7.1,Resolved,,5,53,26,79,169574,a4z6S000002unZm,7/26/2022 8:59 PM,7/26/2022 9:00 PM,7/26/2022 9:00 PM,7/26/2022 9:43 PM,0.58,1.25,0.58,43.98,0,0,,,,,20
cc@company.com,bo@email.com,student,SQ-104,class,dvo,git bash,Assignment,6,7.1,Resolved,,5,24,9,33,169562,a4z6S000002unYt,7/26/2022 8:42 PM,7/26/2022 8:42 PM,7/26/2022 8:42 PM,7/26/2022 8:57 PM,0.33,0.88,0.33,15.08,0,0,,,,,20
mme@company.com,eh@email.com,student,SQ-105,class,dvo,JavaScript,Assignment,21,21.1,Resolved,,,19,18,37,169589,a4z6S000002unb4,7/26/2022 9:32 PM,7/26/2022 9:33 PM,7/26/2022 9:33 PM,7/26/2022 9:46 PM,0.22,0.47,0.22,13.53,0,0,,,,,21
mme@company.com,va@email.com,student,SQ-106,class,dvo,Kernal keeps getting disconnected,In-Class Activity,17,17.1,Resolved,,,20,12,32,169579,a4z6S000002unaB,7/26/2022 9:12 PM,7/26/2022 9:12 PM,7/26/2022 9:12 PM,7/26/2022 9:32 PM,0.4,0.65,0.4,19.83,1,1,,,,984-8938-2989,21
js@company.com,ra@email.com,student,SQ-107,class,dvo,Module 12.5.1 deploying project to github,Online Lesson,17,17.1,Resolved,,,19,15,34,169590,a4z6S000002unb9,7/26/2022 9:34 PM,7/26/2022 9:42 PM,7/26/2022 9:43 PM,7/26/2022 10:01 PM,8.23,8.67,8.23,26.68,0,0,,,,,21
lz@company.com,to@email.com,student,SQ-108,class,dvo,JavaScript,Assignment,13,13.1,Closed,Student Unresponsive,,38,31,69,169580,a4z6S000002unaG,7/26/2022 9:13 PM,7/26/2022 9:17 PM,7/26/2022 9:18 PM,,4.1,4.4,60.68,,0,0,,,,,21
w@company.com,an@email.com,student,SQ-109,class,dvo,"HTML, Java",Online Lesson,13,13.1,Resolved,,5,9,6,15,169585,a4z6S000002unaf,7/26/2022 9:25 PM,7/26/2022 9:28 PM,7/26/2022 9:28 PM,7/26/2022 10:28 PM,2.65,3.02,2.65,63.38,1,1,,,,992-4323-0841,21
dc@company.com,he@email.com,student,SQ-110,class,dvo,JavaScript,Online Lesson,12,12.1,Resolved,,5,17,13,30,169594,a4z6S000002unbT,7/26/2022 9:49 PM,7/26/2022 9:50 PM,7/26/2022 9:51 PM,7/26/2022 10:14 PM,0.9,1.32,0.9,24.17,0,0,,,,,21
cl@company.com,ri@email.com,student,SQ-111,class,dvo,Gitlab,Other,7,8.1,Resolved,,5,12,8,20,169584,a4z6S000002unaa,7/26/2022 9:19 PM,7/26/2022 9:21 PM,7/26/2022 9:21 PM,7/26/2022 9:26 PM,1.27,1.38,1.27,6.95,0,0,,,,,21
cs@company.com,se@email.com,student,SQ-112,class,dvo,Module 4,Assignment,4,5.1,Resolved,,5,12,4,16,169588,a4z6S000002unaz,7/26/2022 9:29 PM,7/26/2022 9:30 PM,7/26/2022 9:30 PM,7/26/2022 10:01 PM,0.83,0.98,0.83,31.33,0,0,,,,,21
dc@company.com,sa@email.com,student,SQ-113,class,dv,SQL,Assignment,9,9.1,Resolved,,,6,6,12,169583,a4z6S000002unaV,7/26/2022 9:16 PM,7/26/2022 9:18 PM,7/26/2022 9:18 PM,7/26/2022 9:39 PM,1.25,1.43,1.25,22.35,0,0,,,,,21
to@company.com,wo@email.com,student,SQ-114,class,dvo,API,Online Lesson,6,7.1,Resolved,,5,21,15,36,169581,a4z6S000002unaL,7/26/2022 9:15 PM,7/26/2022 9:15 PM,7/26/2022 9:15 PM,7/26/2022 9:45 PM,0.45,0.77,0.45,30.1,0,0,,,,,21
cl@company.com,xu@email.com,student,SQ-115,class,dvo,API,Online Lesson,6,7.1,Resolved,,,20,17,37,169595,a4z6S000002unbY,7/26/2022 9:53 PM,7/26/2022 9:54 PM,7/26/2022 9:54 PM,7/26/2022 11:03 PM,0.95,1.08,0.95,70.47,0,0,,,,,21
as@company.com,mr@email.com,student,SQ-116,class,dvo,"GColab, Machine Learning, Python, TensorFlow",Online Lesson,19,19.1,Resolved,,5,14,19,33,169598,a4z6S000002unbn,7/26/2022 10:08 PM,7/26/2022 10:10 PM,7/26/2022 10:13 PM,7/26/2022 10:37 PM,1.75,4.88,1.75,28.77,0,0,,,,,22
lp@company.com,to@email.com,student,SQ-117,class,dvo,JavaScript,Online Lesson,13,13.1,Resolved,,,29,32,61,169604,a4z6S000002uncH,7/26/2022 10:19 PM,7/26/2022 10:24 PM,7/26/2022 10:25 PM,7/27/2022 12:21 AM,5.67,6.48,5.67,122.52,1,1,,,,942-0115-1828,22
lz@company.com,on@email.com,student,SQ-118,class,dvo,Jupyter,Online Lesson,4,5.1,Resolved,,,25,17,42,169603,a4z6S000002uncC,7/26/2022 10:16 PM,7/26/2022 10:17 PM,7/26/2022 10:18 PM,7/26/2022 11:01 PM,1.28,1.52,1.28,45,1,1,,,,940-0498-1999,22
as@company.com,mm@email.com,student,SQ-119,class,dvo,python-pandas,Online Lesson,4,5.1,Resolved,,5,16,10,26,169606,a4z6S000002uncR,7/26/2022 10:41 PM,7/26/2022 10:44 PM,7/26/2022 10:45 PM,7/26/2022 10:54 PM,3.13,3.5,3.13,13.37,0,0,,,,,22
cs@company.com,on@email.com,student,SQ-120,class,dvo,Jupyter,Online Lesson,4,5.1,Closed,Student Unresponsive,,2,1,3,169599,a4z6S000002unbs,7/26/2022 10:09 PM,7/26/2022 10:19 PM,7/26/2022 10:19 PM,,9.35,9.53,9.35,,0,0,,,,,22
mk@company.com,do@email.com,student,SQ-121,class,dv,VBA,Assignment,2,3.1,Resolved,,1,17,17,34,169612,a4z6S000002uncv,7/26/2022 10:51 PM,7/26/2022 10:53 PM,7/26/2022 10:53 PM,7/26/2022 11:20 PM,1.73,1.98,1.73,28.9,0,0,,,,,22
,do@email.com,student,SQ-122,class,dv,VBA Excel,Assignment,2,3.1,Closed,Student Canceled,,,,0,169597,a4z6S000002unbi,7/26/2022 10:08 PM,,,,,,,,0,0,,,,,22
w@company.com,aj@email.com,student,SQ-123,class,dvo,"instalation, likely python",Other,6,7.1,Resolved,,1,8,4,12,169610,a4z6S000002uncl,7/26/2022 10:49 PM,7/26/2022 10:52 PM,7/26/2022 10:52 PM,7/27/2022 12:29 AM,2.82,3.17,2.82,100.28,1,1,,,,945-0852-1686,22
sm@company.com,re@email.com,student,SQ-124,class,dvo,SQL,Online Lesson,6,7.1,Resolved,,,11,13,24,169607,a4z6S000002uncW,7/26/2022 10:42 PM,7/26/2022 10:45 PM,7/26/2022 10:46 PM,7/26/2022 11:18 PM,3.27,3.9,3.27,35.67,1,1,,,,961-5630-3824,22
as@company.com,po@email.com,student,SQ-125,class,ft,"Python, understanding errors",Assignment,24,23.1,Resolved,,5,9,3,12,169629,a4z6S000002uneI,7/26/2022 11:26 PM,7/26/2022 11:27 PM,7/26/2022 11:27 PM,7/26/2022 11:43 PM,0.77,1.12,0.77,16.47,0,0,,,,,23
sm@company.com,uz@email.com,student,SQ-126,class,dvo,flask,Assignment,23,23.1,Closed,Question Not Valid,,9,8,17,169623,a4z6S000002undo,7/26/2022 11:16 PM,7/26/2022 11:18 PM,7/26/2022 11:20 PM,,1.9,3.18,1.9,,0,0,,,,,23
lz@company.com,co@email.com,student,SQ-127,class,dv,"HTML, CSS, JS, Python",In-Class Activity,18,17.2,Resolved,,,26,8,34,169620,a4z6S000002undZ,7/26/2022 11:09 PM,7/26/2022 11:09 PM,7/26/2022 11:09 PM,7/26/2022 11:32 PM,0.15,0.4,0.15,23.33,0,0,,,,,23
as@company.com,gr@email.com,student,SQ-128,class,dvo,assignment 4,Assignment,13,13.1,Closed,Question Not Valid,,7,8,15,169626,a4z6S000002une3,7/26/2022 11:21 PM,7/26/2022 11:21 PM,7/26/2022 11:22 PM,,0.68,0.97,0.68,,0,0,,,,,23
cs@company.com,gr@email.com,student,SQ-129,class,dvo,assignment 4,Assignment,13,13.1,Resolved,,,2,3,5,169631,a4z6S000002uneS,7/26/2022 11:26 PM,7/26/2022 11:28 PM,7/26/2022 11:28 PM,7/26/2022 11:57 PM,1.45,1.92,1.45,30.43,1,1,,,,958-6503-2653,23
r@company.com,br@email.com,student,SQ-130,class,dvo,HTML Website,Assignment,12,13.1,Resolved,,,44,22,66,169633,a4z6S000002unec,7/26/2022 11:30 PM,7/26/2022 11:32 PM,7/26/2022 11:32 PM,7/27/2022 1:21 AM,2.32,2.52,28.95,111.68,1,1,,,,973-7757-8759,23
cl@company.com,mm@email.com,student,SQ-131,class,dvo,python - pandas,Assignment,4,5.1,Resolved,,5,12,10,22,169624,a4z6S000002undt,7/26/2022 11:19 PM,7/26/2022 11:19 PM,7/26/2022 11:19 PM,7/26/2022 11:34 PM,0.25,0.42,0.25,14.88,0,0,,,,,23
lp@company.com,b_@email.com,student,SQ-132,class,dvo,Pandas,Assignment,4,5.2,Resolved,,,18,16,34,169622,a4z6S000002undj,7/26/2022 11:15 PM,7/26/2022 11:15 PM,7/26/2022 11:16 PM,7/26/2022 11:49 PM,0.6,1.72,0.6,34.43,0,0,,,,,23
sm@company.com,ma@email.com,student,SQ-133,class,dv,Module 8,Online Lesson,9,9.1,Resolved,,,12,13,25,169637,a4z6S000002unew,7/26/2022 11:38 PM,7/26/2022 11:49 PM,7/26/2022 11:49 PM,7/27/2022 12:49 AM,11.28,11.8,11.28,71.17,1,1,,,,918-2558-3417,23
mk@company.com,do@email.com,student,SQ-134,class,dv,VBA Module 2,Assignment,2,3.1,Closed,Question Not Valid,,8,4,12,169627,a4z6S000002une8,7/26/2022 11:22 PM,7/26/2022 11:26 PM,7/26/2022 11:26 PM,,4.3,4.53,4.3,,0,0,,,,,23
cl@company.com,je@email.com,student,SQ-135,class,dvo,jupyter notebook,In-Class Activity,4,5.1,Resolved,,,12,15,27,169638,a4z6S000002unf1,7/26/2022 11:40 PM,7/26/2022 11:40 PM,7/26/2022 11:40 PM,7/26/2022 11:52 PM,0.22,0.35,0.22,12.27,0,0,,,,,23
as@company.com,bo@email.com,student,SQ-136,class,dvo,jupyter notebook,Online Lesson,6,7.1,Resolved,,5,20,10,30,169639,a4z6S000002unf6,7/26/2022 11:44 PM,7/26/2022 11:46 PM,7/26/2022 11:47 PM,7/27/2022 12:02 AM,2.1,3.38,2.1,18.22,0,0,,,,,23
dc@company.com,re@email.com,student,SQ-137,class,dvo,SQL,In-Class Activity,6,7.1,Resolved,,,5,7,12,169630,a4z6S000002uneN,7/26/2022 11:26 PM,7/26/2022 11:27 PM,7/26/2022 11:28 PM,7/26/2022 11:38 PM,1.28,2.02,1.28,11.4,0,0,,,,,23